{"cameraMode":{"drawMode":0,"name":"Shaded","section":"Shading Mode"},"sceneLighting":true,"audioPlay":false,"sceneViewState":{"showFog":true,"showMaterialUpdate":false,"showSkybox":true,"showFlares":true,"showImageEffects":true,"showParticleSystems":true},"in2DMode":false,"pivot":{"x":-96.7344970703125,"y":-8.47761344909668,"z":14.898962020874024},"rotation":{"x":-0.03286447748541832,"y":-0.7796533107757568,"z":0.0412985160946846,"w":-0.6240660548210144},"size":1.2192683219909669,"orthographic":false}