{"cameraMode":{"drawMode":0,"name":"Shaded","section":"Shading Mode"},"sceneLighting":true,"audioPlay":false,"sceneViewState":{"showFog":true,"showMaterialUpdate":false,"showSkybox":true,"showFlares":true,"showImageEffects":true,"showParticleSystems":true},"in2DMode":false,"pivot":{"x":22.521419525146486,"y":2.084432601928711,"z":1.356100082397461},"rotation":{"x":-0.23048540949821473,"y":-0.04319057986140251,"z":0.010240667499601841,"w":-0.9720643758773804},"size":34.08993148803711,"orthographic":false}