{"cameraMode":{"drawMode":0,"name":"Shaded","section":"Shading Mode"},"sceneLighting":true,"audioPlay":false,"sceneViewState":{"showFog":true,"showMaterialUpdate":false,"showSkybox":true,"showFlares":true,"showImageEffects":true,"showParticleSystems":true},"in2DMode":false,"pivot":{"x":486.3374938964844,"y":76.41499328613281,"z":0.0},"rotation":{"x":0.1821543425321579,"y":0.03654639795422554,"z":-0.006920453626662493,"w":0.982620120048523},"size":217.78897094726563,"orthographic":false}