{"cameraMode":{"drawMode":0,"name":"Shaded","section":"Shading Mode"},"sceneLighting":false,"audioPlay":false,"sceneViewState":{"showFog":true,"showMaterialUpdate":false,"showSkybox":false,"showFlares":true,"showImageEffects":true,"showParticleSystems":true},"in2DMode":false,"pivot":{"x":-0.007241606712341309,"y":0.3859699070453644,"z":0.19999998807907105},"rotation":{"x":-0.016044313088059427,"y":-0.9174025058746338,"z":0.03717450425028801,"w":-0.3959074318408966},"size":1.8992893695831299,"orthographic":false}